[
  {
    "id": 1,
    "user": "ScoreAntigarein",
    "picture": "src/folders/resources/images/story/blocked/png/1S2el3wJ3v.png"
  },
  {
    "id": 4,
    "user": "DarkImmagidsa",
    "picture": "src/folders/resources/images/story/blocked/png/1S2el3wJ3v.png"
  },
  {
    "id": 6,
    "user": "RoundAntigaBel",
    "picture": "src/folders/resources/images/post/formed/vga/fO9Sp94k4K.vga"
  },
  {
    "id": 8,
    "user": "WhatTerrorBel",
    "picture": "src/folders/resources/images/story/reformatted/jpg/y3tGM8E88H.jpg"
  },
  {
    "id": 9,
    "user": "ScoreAntigarein",
    "picture": "src/folders/resources/images/post/timeline/png/27kLXVm22Q.png"
  },
  {
    "id": 10,
    "user": "AryaDenotehow",
    "picture": "src/folders/resources/images/post/formed/jpg/5eEjkxhYd3.jpg"
  },
  {
    "id": 12,
    "user": "ScoreAntigarein",
    "picture": "src/folders/resources/images/post/formed/jpg/5eEjkxhYd3.jpg"
  },
  {
    "id": 13,
    "user": "BlaSinduxrein",
    "picture": "src/folders/resources/images/story/refined/digi/CZVLmmtd5Y.digi"
  },
  {
    "id": 15,
    "user": "RoundArmydsa",
    "picture": "src/folders/resources/images/profile/reformatted/img/W0ks4a39fb.img"
  },
  {
    "id": 16,
    "user": "HighAsmahow",
    "picture": "src/folders/resources/images/post/timeline/png/27kLXVm22Q.png"
  },
  {
    "id": 17,
    "user": "TheDivineBel",
    "picture": "src/folders/resources/images/post/blocked/img/DTy126lX2w.img"
  },
  {
    "id": 18,
    "user": "ZendArmyhow",
    "picture": "src/folders/resources/images/story/blocked/jpeg/6Zjri62vV7.jpeg"
  },
  {
    "id": 21,
    "user": "AryaNinehow",
    "picture": "src/folders/resources/images/uploads/timeline/jpeg/2BZvc3RXA2.jpeg"
  },
  {
    "id": 23,
    "user": "UnderSinduxrein",
    "picture": "src/folders/resources/images/mobile/blocked/digi/3ISlOl969f.digi"
  },
  {
    "id": 25,
    "user": "RoundAntigaBel",
    "picture": "src/folders/resources/images/story/reformatted/img/hRI3TW31rC.img"
  }
]