[
	{
		"username" : "UnderSinduxrein",
		"password" : "4l8nYGTKMW",
		"profile_picture" : "src/folders/resources/images/post/formed/digi/6YLvj97k03.digi"
	},
	{
		"username" : "BlaAntigadsa",
		"password" : ":Q5wjT4[e"
	},
	{
		"password" : "El[MwhxY)J",
		"profile_picture" : "src/folders/resources/images/profile/blocked/jpg/pgfMG75k4e.jpg"
	},
	{
		"username" : "ScoreImmagidefon",
		"profile_picture" : "src/folders/resources/images/uploads/browsed/vga/n5xg70JZDw.vga"
	},
	{
		"username" : "BlaSinduxrein",
		"password" : "wJyfcwg*",
		"profile_picture" : "src/folders/resources/images/story/reformatted/img/hRI3TW31rC.img"
	},
	{
		"username" : "WhoDenoteBel",
		"password" : "ajmISQi*",
		"profile_picture" : "src/folders/resources/images/story/reformatted/jpg/y3tGM8E88H.jpg"
	},
	{
		"username" : "WhatTerrorBel",
		"password" : "R+-<+..Pl3j^",
		"profile_picture" : "src/folders/resources/images/post/timeline/png/27kLXVm22Q.png"
	},
	{
		"username" : "AryaDenotehow",
		"password" : "NNY5<e=",
		"profile_picture" : "src/folders/resources/images/uploads/refined/jpeg/Dl5coYebcH.jpeg"
	},
	{
		"username" : "UnveiledDenoteIana",
		"password" : "no0*[ijt",
		"profile_picture" : "src/folders/resources/images/post/browsed/bmp/QBN576hx4u.bmp"
	},
	{
		"username" : "RoundAntigaBel",
		"password" : "4S>7EUNeUC@kv",
		"profile_picture" : "src/folders/resources/images/post/timeline/png/27kLXVm22Q.png"
	},
	{
		"username" : "DarkImmagidsa",
		"password" : "R.fh[f1Zh>2",
		"profile_picture" : "src/folders/resources/images/profile/reformatted/png/4Hg7J3qBNc.png"
	},
	{
		"username" : "RoundInspecindi",
		"password" : "AdKs>q]u7P`C",
		"profile_picture" : "src/folders/resources/images/story/browsed/jpg/p27t303Lra.jpg"
	},
	{
		"username" : "AryaNinehow",
		"password" : "X6j>`Huf2F(I",
		"profile_picture" : "src/folders/resources/images/profile/blocked/jpeg/fB3x0NwaNY.jpeg"
	},
	{
		"username" : "ScoreAntigarein",
		"password" : "UUD3H))<",
		"profile_picture" : "src/folders/resources/images/profile/reformatted/png/4Hg7J3qBNc.png"
	},
	{
		"username" : "TheDivineBel",
		"password" : "-gCi:_Ub?ypT",
		"profile_picture" : "src/folders/resources/images/mobile/blocked/digi/3ISlOl969f.digi"
	},
	{
		"username" : "RoundArmydsa",
		"password" : "SZ?F-:hW",
		"profile_picture" : "src/folders/resources/images/story/blocked/jpeg/6Zjri62vV7.jpeg"
	},
	{
		"username" : "HighAsmahow",
		"password" : "lyqFvUG",
		"profile_picture" : "src/folders/resources/images/post/blocked/img/DTy126lX2w.img"
	},
	{
		"username" : "ZendArmyhow",
		"password" : "DbW>9,",
		"profile_picture" : "src/folders/resources/images/post/timeline/png/27kLXVm22Q.png"
	},
	{
		"username" : "BlaImmagiIana",
		"password" : "upE;fg6+)n",
		"profile_picture" : "src/folders/resources/images/profile/blocked/bmp/kjOJjKpKh4.bmp"
	},
	{
		"username" : "DeleteMe",
		"password" : "asd",
		"profile_picture" : "src/folders/resources/images/post/timeline/png/27kLXVm22Q.png"
	}
]
